Workbook

Sheet Rates
A1: Model pricing
A2: List prices in US dollars per million tokens. Captured 2026-09-01.
A3: Prices change. Refresh from the vendor's pricing page before quoting a figure.
A5: Tier | B5: Model | C5: Input | D5: Output | E5: Cache read | F5: Cache write | G5: Typical use
A6: fast | B6: Haiku 4.5 | C6: 1 | D6: 5 | E6: 0.1 | F6: 1.25 | G6: Classification, extraction, routing. High volume, low judgement.
A7: balanced | B7: Sonnet 5 | C7: 3 | D7: 15 | E7: 0.3 | F7: 3.75 | G7: The default. Synthesis, drafting, code changes, most day-to-day work.
A8: deep | B8: Opus 5 | C8: 15 | D8: 75 | E8: 1.5 | F8: 18.75 | G8: Design reasoning, adversarial review, marking other models' work.
A11: Blue = a figure you may change. Everything on the Model sheet is calculated from these.

Sheet Model
A1: Cost model - one row per AI step in your blueprint
A2: Fill the blue columns. Black columns calculate. Tier must be one of: fast, balanced, deep - spelled exactly as on the Rates sheet.
A4: Retry allowance | B4: 0.15 | C4: Share of runs that have to be repeated. 15% is the programme's starting assumption.
A6: Step in your blueprint | B6: Task type | C6: Tier | D6: Runs per month | E6: Input tokens per run | F6: Output tokens per run | G6: Cost per run | H6: Monthly cost | I6: With retries
A7: Classify incoming ticket | B7: classify | C7: fast | D7: 220 | E7: 1800 | F7: 400 | G7: =IF($C7="","",(E7*INDEX(Rates!$C$6:$C$8,MATCH($C7,Rates!$A$6:$A$8,0))+F7*INDEX(Rates!$D$6:$D$8,MATCH($C7,Rates!$A$6:$A$8,0)))/1000000) -> 0.0038 | H7: =IF($C7="","",G7*D7) -> 0.836 | I7: =IF($C7="","",H7*(1+$B$4)) -> 0.9614
G8: =IF($C8="","",(E8*INDEX(Rates!$C$6:$C$8,MATCH($C8,Rates!$A$6:$A$8,0))+F8*INDEX(Rates!$D$6:$D$8,MATCH($C8,Rates!$A$6:$A$8,0)))/1000000) | H8: =IF($C8="","",G8*D8) | I8: =IF($C8="","",H8*(1+$B$4))
G9: =IF($C9="","",(E9*INDEX(Rates!$C$6:$C$8,MATCH($C9,Rates!$A$6:$A$8,0))+F9*INDEX(Rates!$D$6:$D$8,MATCH($C9,Rates!$A$6:$A$8,0)))/1000000) | H9: =IF($C9="","",G9*D9) | I9: =IF($C9="","",H9*(1+$B$4))
G10: =IF($C10="","",(E10*INDEX(Rates!$C$6:$C$8,MATCH($C10,Rates!$A$6:$A$8,0))+F10*INDEX(Rates!$D$6:$D$8,MATCH($C10,Rates!$A$6:$A$8,0)))/1000000) | H10: =IF($C10="","",G10*D10) | I10: =IF($C10="","",H10*(1+$B$4))
G11: =IF($C11="","",(E11*INDEX(Rates!$C$6:$C$8,MATCH($C11,Rates!$A$6:$A$8,0))+F11*INDEX(Rates!$D$6:$D$8,MATCH($C11,Rates!$A$6:$A$8,0)))/1000000) | H11: =IF($C11="","",G11*D11) | I11: =IF($C11="","",H11*(1+$B$4))
G12: =IF($C12="","",(E12*INDEX(Rates!$C$6:$C$8,MATCH($C12,Rates!$A$6:$A$8,0))+F12*INDEX(Rates!$D$6:$D$8,MATCH($C12,Rates!$A$6:$A$8,0)))/1000000) | H12: =IF($C12="","",G12*D12) | I12: =IF($C12="","",H12*(1+$B$4))
G13: =IF($C13="","",(E13*INDEX(Rates!$C$6:$C$8,MATCH($C13,Rates!$A$6:$A$8,0))+F13*INDEX(Rates!$D$6:$D$8,MATCH($C13,Rates!$A$6:$A$8,0)))/1000000) | H13: =IF($C13="","",G13*D13) | I13: =IF($C13="","",H13*(1+$B$4))
G14: =IF($C14="","",(E14*INDEX(Rates!$C$6:$C$8,MATCH($C14,Rates!$A$6:$A$8,0))+F14*INDEX(Rates!$D$6:$D$8,MATCH($C14,Rates!$A$6:$A$8,0)))/1000000) | H14: =IF($C14="","",G14*D14) | I14: =IF($C14="","",H14*(1+$B$4))
G15: =IF($C15="","",(E15*INDEX(Rates!$C$6:$C$8,MATCH($C15,Rates!$A$6:$A$8,0))+F15*INDEX(Rates!$D$6:$D$8,MATCH($C15,Rates!$A$6:$A$8,0)))/1000000) | H15: =IF($C15="","",G15*D15) | I15: =IF($C15="","",H15*(1+$B$4))
G16: =IF($C16="","",(E16*INDEX(Rates!$C$6:$C$8,MATCH($C16,Rates!$A$6:$A$8,0))+F16*INDEX(Rates!$D$6:$D$8,MATCH($C16,Rates!$A$6:$A$8,0)))/1000000) | H16: =IF($C16="","",G16*D16) | I16: =IF($C16="","",H16*(1+$B$4))
G17: =IF($C17="","",(E17*INDEX(Rates!$C$6:$C$8,MATCH($C17,Rates!$A$6:$A$8,0))+F17*INDEX(Rates!$D$6:$D$8,MATCH($C17,Rates!$A$6:$A$8,0)))/1000000) | H17: =IF($C17="","",G17*D17) | I17: =IF($C17="","",H17*(1+$B$4))
G18: =IF($C18="","",(E18*INDEX(Rates!$C$6:$C$8,MATCH($C18,Rates!$A$6:$A$8,0))+F18*INDEX(Rates!$D$6:$D$8,MATCH($C18,Rates!$A$6:$A$8,0)))/1000000) | H18: =IF($C18="","",G18*D18) | I18: =IF($C18="","",H18*(1+$B$4))
A19: Total | H19: =SUM(H7:H18) -> 0.836 | I19: =SUM(I7:I18) -> 0.9614
A21: Row 7 is a worked example. Replace it with your own first step.
A22: Token counts come from your Week 2 ledger. Volumes come from data/helios-volumes.csv.

Sheet Chain compare
A1: Priced as designed, against the minimum shape
A2: Fill the blue cells from your two pricings of the release-notes chain.
B4: Steps | C4: Monthly cost with retries
A5: As designed
A6: Redesigned
A7: Gap | C7: =C5-C6 -> 0
A8: Saving | C8: =IF(C5=0,"",(C6-C5)/C5)
